{
    "name": "root",
    "gauges": {
        "Autopark.Policy.Entropy.mean": {
            "value": 1.0861402750015259,
            "min": 1.0858793258666992,
            "max": 1.086728572845459,
            "count": 4
        },
        "Autopark.Policy.Entropy.sum": {
            "value": 54393.90234375,
            "min": 364.85546875,
            "max": 54475.52734375,
            "count": 4
        },
        "Autopark.Environment.EpisodeLength.mean": {
            "value": 39.38704453441296,
            "min": 19.333333333333332,
            "max": 39.38704453441296,
            "count": 4
        },
        "Autopark.Environment.EpisodeLength.sum": {
            "value": 48643.0,
            "min": 58.0,
            "max": 49053.0,
            "count": 4
        },
        "Autopark.Step.mean": {
            "value": 7149992.0,
            "min": 6999992.0,
            "max": 7149992.0,
            "count": 4
        },
        "Autopark.Step.sum": {
            "value": 7149992.0,
            "min": 6999992.0,
            "max": 7149992.0,
            "count": 4
        },
        "Autopark.Policy.ExtrinsicValueEstimate.mean": {
            "value": 0.37637585401535034,
            "min": 0.3724096119403839,
            "max": 0.8098702430725098,
            "count": 4
        },
        "Autopark.Policy.ExtrinsicValueEstimate.sum": {
            "value": 477.6209411621094,
            "min": 0.8098702430725098,
            "max": 499.26885986328125,
            "count": 4
        },
        "Autopark.Environment.CumulativeReward.mean": {
            "value": 0.5103815386514463,
            "min": 0.4950155441667208,
            "max": 1.0016405582427979,
            "count": 4
        },
        "Autopark.Environment.CumulativeReward.sum": {
            "value": 630.3212002345361,
            "min": 1.0016405582427979,
            "max": 647.3590331928281,
            "count": 4
        },
        "Autopark.Policy.ExtrinsicReward.mean": {
            "value": 0.5103815386514463,
            "min": 0.4950155441667208,
            "max": 1.0016405582427979,
            "count": 4
        },
        "Autopark.Policy.ExtrinsicReward.sum": {
            "value": 630.3212002345361,
            "min": 1.0016405582427979,
            "max": 647.3590331928281,
            "count": 4
        },
        "Autopark.IsTraining.mean": {
            "value": 1.0,
            "min": 1.0,
            "max": 1.0,
            "count": 4
        },
        "Autopark.IsTraining.sum": {
            "value": 1.0,
            "min": 1.0,
            "max": 1.0,
            "count": 4
        },
        "Autopark.Losses.PolicyLoss.mean": {
            "value": 0.0316581097660431,
            "min": 0.0316581097660431,
            "max": 0.03568184679286249,
            "count": 3
        },
        "Autopark.Losses.PolicyLoss.sum": {
            "value": 0.316581097660431,
            "min": 0.316581097660431,
            "max": 0.32797996677521346,
            "count": 3
        },
        "Autopark.Losses.ValueLoss.mean": {
            "value": 0.019601217585926256,
            "min": 0.017750928939009706,
            "max": 0.019601217585926256,
            "count": 3
        },
        "Autopark.Losses.ValueLoss.sum": {
            "value": 0.19601217585926256,
            "min": 0.1742886106794079,
            "max": 0.19601217585926256,
            "count": 3
        },
        "Autopark.Policy.LearningRate.mean": {
            "value": 8.621174926277397e-05,
            "min": 8.621174926277397e-05,
            "max": 8.922977359009888e-05,
            "count": 3
        },
        "Autopark.Policy.LearningRate.sum": {
            "value": 0.0008621174926277397,
            "min": 0.0008030679623108899,
            "max": 0.0008775981774675096,
            "count": 3
        },
        "Autopark.Policy.Epsilon.mean": {
            "value": 0.128737226,
            "min": 0.128737226,
            "max": 0.12974323444444444,
            "count": 3
        },
        "Autopark.Policy.Epsilon.sum": {
            "value": 1.2873722600000002,
            "min": 1.16768911,
            "max": 1.2925324900000001,
            "count": 3
        },
        "Autopark.Policy.Beta.mean": {
            "value": 0.0014439875774000005,
            "min": 0.0014439875774000005,
            "max": 0.0014941873987777778,
            "count": 3
        },
        "Autopark.Policy.Beta.sum": {
            "value": 0.014439875774000004,
            "min": 0.013447686589,
            "max": 0.014697371251000003,
            "count": 3
        }
    },
    "metadata": {
        "timer_format_version": "0.1.0",
        "start_time_seconds": "1700581941",
        "python_version": "3.8.18 (default, Sep 11 2023, 13:39:12) [MSC v.1916 64 bit (AMD64)]",
        "command_line_arguments": "C:\\Users\\syash\\.conda\\envs\\mlagents\\Scripts\\mlagents-learn trainer_config.yaml --run-id=NewTraining_V1 --quality-level=0 --resume",
        "mlagents_version": "0.28.0",
        "mlagents_envs_version": "0.28.0",
        "communication_protocol_version": "1.5.0",
        "pytorch_version": "2.1.1",
        "numpy_version": "1.19.5",
        "end_time_seconds": "1700582371"
    },
    "total": 429.8432673,
    "count": 1,
    "self": 0.009375599999941642,
    "children": {
        "run_training.setup": {
            "total": 0.14936540000000065,
            "count": 1,
            "self": 0.14936540000000065
        },
        "TrainerController.start_learning": {
            "total": 429.6845263,
            "count": 1,
            "self": 0.3127820000005386,
            "children": {
                "TrainerController._reset_env": {
                    "total": 20.4512529,
                    "count": 1,
                    "self": 20.4512529
                },
                "TrainerController.advance": {
                    "total": 408.72564219999947,
                    "count": 16741,
                    "self": 0.27028509999342987,
                    "children": {
                        "env_step": {
                            "total": 285.10004690000335,
                            "count": 16741,
                            "self": 255.69256440000385,
                            "children": {
                                "SubprocessEnvManager._take_step": {
                                    "total": 29.1902004000011,
                                    "count": 16741,
                                    "self": 0.7795849000001027,
                                    "children": {
                                        "TorchPolicy.evaluate": {
                                            "total": 28.410615500000997,
                                            "count": 12352,
                                            "self": 18.114496300001992,
                                            "children": {
                                                "TorchPolicy.sample_actions": {
                                                    "total": 10.296119199999005,
                                                    "count": 12352,
                                                    "self": 10.296119199999005
                                                }
                                            }
                                        }
                                    }
                                },
                                "workers": {
                                    "total": 0.21728209999841397,
                                    "count": 16740,
                                    "self": 0.0,
                                    "children": {
                                        "worker_root": {
                                            "total": 346.47851139999926,
                                            "count": 16740,
                                            "is_parallel": true,