{
    "name": "root",
    "gauges": {
        "iPark.Policy.Entropy.mean": {
            "value": 1.2163983583450317,
            "min": 1.2163983583450317,
            "max": 1.2764419317245483,
            "count": 90
        },
        "iPark.Environment.EpisodeLength.mean": {
            "value": 35.644428152492665,
            "min": 33.26917808219178,
            "max": 50.90289256198347,
            "count": 90
        },
        "iPark.Policy.ExtrinsicValueEstimate.mean": {
            "value": 0.6048642992973328,
            "min": 0.4973888695240021,
            "max": 0.6048642992973328,
            "count": 90
        },
        "iPark.Environment.CumulativeReward.mean": {
            "value": 0.7329116888948385,
            "min": 0.620253312634037,
            "max": 0.7329116888948385,
            "count": 90
        },
        "iPark.Policy.ExtrinsicReward.mean": {
            "value": 0.7329116888948385,
            "min": 0.620253312634037,
            "max": 0.7329116888948385,
            "count": 90
        },
        "iPark.Losses.ValueLoss.mean": {
            "value": 0.013495520688593388,
            "min": 0.011364583857357502,
            "max": 0.015549768693745136,
            "count": 90
        },
        "iPark.Losses.PolicyLoss.mean": {
            "value": 0.03132624924182892,
            "min": 0.029943101108074188,
            "max": 0.036623526364564896,
            "count": 90
        },
        "iPark.Policy.LearningRate.mean": {
            "value": 7.40745065286319e-07,
            "min": 7.40745065286319e-07,
            "max": 0.00013383696204982698,
            "count": 90
        },
        "iPark.Policy.Epsilon.mean": {
            "value": 0.10024688392877579,
            "min": 0.10024688392877579,
            "max": 0.14461231231689453,
            "count": 90
        },
        "iPark.Policy.Beta.mean": {
            "value": 2.231940015917644e-05,
            "min": 2.231940015917644e-05,
            "max": 0.0022361534647643566,
            "count": 90
        },
        "iPark.IsTraining.mean": {
            "value": 1.0,
            "min": 1.0,
            "max": 1.0,
            "count": 90
        }
    },
    "metadata": {
        "timer_format_version": "0.1.0",
        "start_time_seconds": "1711779911",
        "python_version": "3.8.18 (default, Sep 11 2023, 13:39:12) [MSC v.1916 64 bit (AMD64)]",
        "command_line_arguments": "C:\\Users\\syash\\.conda\\envs\\mlagents\\Scripts\\mlagents-learn trainer_config.yaml --run-id=NewTraining_29-03 --quality-level=0 --resume",
        "mlagents_version": "0.20.0",
        "mlagents_envs_version": "0.20.0",
        "communication_protocol_version": "1.1.0",
        "tensorflow_version": "2.7.4",
        "numpy_version": "1.18.5",
        "end_time_seconds": "1711786687"
    },
    "total": 6776.2573039,
    "count": 1,
    "self": 0.4590538000002198,
    "children": {
        "run_training.setup": {
            "total": 0.01582490000000014,
            "count": 1,
            "self": 0.01582490000000014
        },
        "TrainerController.start_learning": {
            "total": 6775.7824252,
            "count": 1,
            "self": 9.26022159985223,
            "children": {
                "TrainerController._reset_env": {
                    "total": 12.6245553,
                    "count": 1,
                    "self": 12.6245553
                },
                "TrainerController.advance": {
                    "total": 6753.008510000149,
                    "count": 383781,
                    "self": 4.368578900369357,
                    "children": {
                        "env_step": {
                            "total": 6748.6399310997795,
                            "count": 383781,
                            "self": 5822.996922799543,
                            "children": {
                                "SubprocessEnvManager._take_step": {
                                    "total": 920.5342000001114,
                                    "count": 383781,
                                    "self": 9.724935600112758,
                                    "children": {
                                        "TFPolicy.evaluate": {
                                            "total": 910.8092643999986,
                                            "count": 279676,
                                            "self": 910.8092643999986
                                        }
                                    }
                                },
                                "workers": {
                                    "total": 5.108808300124849,
                                    "count": 383781,
                                    "self": 0.0,
                                    "children": {
                                        "worker_root": {
                                            "total": 6755.055187099731,
                                            "count": 383781,
                                            "is_parallel": true,
                                            "self": 1666.727874999604,
                                            "children": {
                                                "steps_from_proto": {
                                                    "total": 0.0013110000000011723,
                                                    "count": 1,
                                                    "is_parallel": true,
                                                    "self": 0.0001260000000016248,
                                                    "children": {
                                                        "_process_vector_observation": {
                                                            "total": 0.0011849999999995475,
                                                            "count": 10,
                                                            "is_parallel": true,
                                                            "self": 0.0011849999999995475
                                                        }
                                                    }
                                                },
                                                "UnityEnvironment.step": {
                                                    "total": 5088.326001100127,
                                                    "count": 383781,
                                                    "is_parallel": true,
                                                    "self": 93.66292980001617,
                                                    "children": {
                                                        "UnityEnvironment._generate_step_input": {
                                                            "total": 43.434426700139085,
                                                            "count": 383781,
                                                            "is_parallel": true,
                                                            "self": 43.434426700139085
                                                        },
                                                        "communicator.exchange": {
                                                            "total": 4559.9369523997775,
                                                            "count": 383781,
                                                            "is_parallel": true,
                                                            "self": 4559.9369523997775
                                                        },
                                                        "steps_from_proto": {
                                                            "total": 391.29169220019423,
                                                            "count": 383781,
                                                            "is_parallel": true,