{
    "name": "root",
    "gauges": {
        "iPark.Policy.Entropy.mean": {
            "value": 1.4076616764068604,
            "min": 1.4076616764068604,
            "max": 1.4137483835220337,
            "count": 2
        },
        "iPark.Environment.EpisodeLength.mean": {
            "value": 283.1073446327684,
            "min": 261.0388888888889,
            "max": 283.1073446327684,
            "count": 2
        },
        "iPark.Policy.ExtrinsicValueEstimate.mean": {
            "value": 0.02489207126200199,
            "min": 0.0191853865981102,
            "max": 0.02489207126200199,
            "count": 2
        },
        "iPark.Environment.CumulativeReward.mean": {
            "value": 0.121152351154623,
            "min": 0.09551328209636267,
            "max": 0.121152351154623,
            "count": 2
        },
        "iPark.Policy.ExtrinsicReward.mean": {
            "value": 0.121152351154623,
            "min": 0.09551328209636267,
            "max": 0.121152351154623,
            "count": 2
        },
        "iPark.Losses.ValueLoss.mean": {
            "value": 0.0011242420878261328,
            "min": 0.0011242420878261328,
            "max": 0.004693898838013411,
            "count": 2
        },
        "iPark.Losses.PolicyLoss.mean": {
            "value": 0.03460440784692764,
            "min": 0.03365900367498398,
            "max": 0.03460440784692764,
            "count": 2
        },
        "iPark.Policy.LearningRate.mean": {
            "value": 0.0002977254334837198,
            "min": 0.0002977254334837198,
            "max": 0.00029920527595095336,
            "count": 2
        },
        "iPark.Policy.Epsilon.mean": {
            "value": 0.19924180209636688,
            "min": 0.19924180209636688,
            "max": 0.19973509013652802,
            "count": 2
        },
        "iPark.Policy.Beta.mean": {
            "value": 0.004962165839970112,
            "min": 0.004962165839970112,
            "max": 0.004986780229955912,
            "count": 2
        },
        "iPark.IsTraining.mean": {
            "value": 1.0,
            "min": 1.0,
            "max": 1.0,
            "count": 2
        }
    },
    "metadata": {
        "timer_format_version": "0.1.0",
        "start_time_seconds": "1716657057",
        "python_version": "3.8.18 (default, Sep 11 2023, 13:39:12) [MSC v.1916 64 bit (AMD64)]",
        "command_line_arguments": "C:\\Users\\syash\\.conda\\envs\\mlagents\\Scripts\\mlagents-learn trainer_config.yaml --run-id=DEMO",
        "mlagents_version": "0.20.0",
        "mlagents_envs_version": "0.20.0",
        "communication_protocol_version": "1.1.0",
        "tensorflow_version": "2.7.4",
        "numpy_version": "1.18.5",
        "end_time_seconds": "1716657194"
    },
    "total": 137.5709042,
    "count": 1,
    "self": 0.007581600000008848,
    "children": {
        "run_training.setup": {
            "total": 0.006921000000000177,
            "count": 1,
            "self": 0.006921000000000177
        },
        "TrainerController.start_learning": {
            "total": 137.5564016,
            "count": 1,
            "self": 0.18378659999905267,
            "children": {
                "TrainerController._reset_env": {
                    "total": 23.8430094,
                    "count": 1,
                    "self": 23.8430094
                },
                "TrainerController.advance": {
                    "total": 112.68098390000092,
                    "count": 7339,
                    "self": 0.07894530000051247,
                    "children": {
                        "env_step": {
                            "total": 112.60203860000041,
                            "count": 7339,
                            "self": 89.39056999999875,
                            "children": {
                                "SubprocessEnvManager._take_step": {
                                    "total": 23.117275400000246,
                                    "count": 7339,
                                    "self": 0.2256539000007045,
                                    "children": {
                                        "TFPolicy.evaluate": {
                                            "total": 22.89162149999954,
                                            "count": 7009,
                                            "self": 22.89162149999954
                                        }
                                    }
                                },
                                "workers": {
                                    "total": 0.0941932000014134,
                                    "count": 7338,
                                    "self": 0.0,
                                    "children": {
                                        "worker_root": {
                                            "total": 114.22513010000084,
                                            "count": 7338,
                                            "is_parallel": true,
                                            "self": 40.63507220000095,
                                            "children": {
                                                "steps_from_proto": {
                                                    "total": 0.0013539999999991892,
                                                    "count": 1,
                                                    "is_parallel": true,
                                                    "self": 0.00015150000000474506,
                                                    "children": {
                                                        "_process_vector_observation": {
                                                            "total": 0.0012024999999944441,
                                                            "count": 10,
                                                            "is_parallel": true,
                                                            "self": 0.0012024999999944441
                                                        }
                                                    }
                                                },
                                                "UnityEnvironment.step": {
                                                    "total": 73.58870389999989,
                                                    "count": 7338,
                                                    "is_parallel": true,
                                                    "self": 1.947671399999436,
                                                    "children": {
                                                        "UnityEnvironment._generate_step_input": {
                                                            "total": 0.9512112999999545,
                                                            "count": 7338,
                                                            "is_parallel": true,
                                                            "self": 0.9512112999999545
                                                        },
                                                        "communicator.exchange": {
                                                            "total": 62.017873000000314,
                                                            "count": 7338,
                                                            "is_parallel": true,
                                                            "self": 62.017873000000314
                                                        },
                                                        "steps_from_proto": {
                                                            "total": 8.671948200000177,
                                                            "count": 7338,
                                                            "is_parallel": true,
                                                            "self": 0.8054261000001048,